{"loss": [2.484578847885132], "acc": [0.4444444444444444]}