{"loss": [1.4797221422195435], "acc": [1.4797219038009644]}