{"loss": [1.3139512538909912], "acc": [0.4222222222222222]}