{"loss": [0.6826074856371591, 0.6834682978980761, 0.6820027791050461], "acc": [0.71, 0.7133333333333334, 0.71]}