{"loss": [0.6189515563996536], "acc": [0.7233333333333334]}