{"loss": [4.071170330047607], "acc": [4.071170330047607]}